Date,Subject,Link,Title_1,Title_2,Title_3,Extract_Date
"Thursday, August 29th","ThoughtSpot Raises $248 Million; TSA to Test Facial Recognition in Vegas; Toyota, Suzuki Team Up",http://createsend.com/t/d-79AF8DD1B5FB119E2540EF23F30FEDED,ThoughtSpot Raises $248 Million,TSA to Test Facial Recognition in Vegas,"Toyota, Suzuki Team Up",2019-08-29
"Wednesday, August 28th",Linking EKG Data to Health Status; Ex-Google Engineer Charged in Theft Case; Synchrony's AI Push,http://createsend.com/t/d-A427D2A4C0EFD1F82540EF23F30FEDED,Linking EKG Data to Health Status,Ex-Google Engineer Charged in Theft Case,Synchrony's AI Push,2019-08-29
"Tuesday, August 27th",Robots May Soon Perform Home Appraisals; Helping Kids Deal With AI; Pony.ai and Toyota Team Up,http://createsend.com/t/d-B503896AA29F56592540EF23F30FEDED,Robots May Soon Perform Home Appraisals,Helping Kids Deal With AI,Pony.ai and Toyota Team Up,2019-08-29
"Monday, August 26th",Huawei Unveils AI Chip; Robots Are Coming to Judge Gymnastics; Naspers Eyes Machine Learning,http://createsend.com/t/d-5CCCECDBA202FB562540EF23F30FEDED,Huawei Unveils AI Chip,Robots Are Coming to Judge Gymnastics,Naspers Eyes Machine Learning,2019-08-29
"Friday, August 23rd",Executives Offer Lessons; Senior-Housing Company to Explore AI Use; EU Plans Facial-Recognition Limits,http://createsend.com/t/d-B1E4712AB017D6162540EF23F30FEDED,Executives Offer Lessons,Senior-Housing Company to Explore AI Use,EU Plans Facial-Recognition Limits,2019-08-29
"Thursday, August 22nd",Startup Aims to Democratize AI; Google DeepMind Co-Founder Placed on Leave; IBM in Open-Source Effort,http://createsend.com/t/d-683243B0474F62902540EF23F30FEDED,Startup Aims to Democratize AI,Google DeepMind Co-Founder Placed on Leave,IBM in Open-Source Effort,2019-08-29
"Wednesday, August 21st",Delivery Robot Startup Secures $40 Million; Financial Firms Paying for AI Talent; Sustainable Investing,http://createsend.com/t/d-868AA3767F46873D2540EF23F30FEDED,Delivery Robot Startup Secures $40 Million,Financial Firms Paying for AI Talent,Sustainable Investing,2019-08-29
"Tuesday, August 20th",Companies Bolster AI Governance; States to Launch Big Tech Antitrust Probe; A Giant Chip,http://createsend.com/t/d-B39DCA946E70469D2540EF23F30FEDED,Companies Bolster AI Governance,States to Launch Big Tech Antitrust Probe,A Giant Chip,2019-08-29
"Monday, August 19th",Airbus Looks to Trim Costs; Norsk Hydro Bulks Cyber Defenses; Sinovation's AI Startup Plans IPO,http://createsend.com/t/d-0A9961B684F652772540EF23F30FEDED,Airbus Looks to Trim Costs,Norsk Hydro Bulks Cyber Defenses,Sinovation's AI Startup Plans IPO,2019-08-29
"Friday, August 16th",Delta Sues Chatbot Provider Over Breach; UPS Takes Stake in Self-Driving Startup; High-Tech Farming,http://createsend.com/t/d-EF8739BAD099671C2540EF23F30FEDED,Delta Sues Chatbot Provider Over Breach,UPS Takes Stake in Self-Driving Startup,High-Tech Farming,2019-08-29
"Thursday, August 15th",AI Startup Boom Raises Questions of Exaggerated Tech Savvy; Airport Facial Recognition; Driverless Buses,http://createsend.com/t/d-E98D6BA7E25C8BBC2540EF23F30FEDED,AI Startup Boom Raises Questions of Exaggerated Tech Savvy,Airport Facial Recognition,Driverless Buses,2019-08-29
"Wednesday, August 14th",AI Deployed as Ransomware Defense; What a Voice Reveals; States Set Up AI Task Forces,http://createsend.com/t/d-273EBBE234E5C8282540EF23F30FEDED,AI Deployed as Ransomware Defense,What a Voice Reveals,States Set Up AI Task Forces,2019-08-29
"Tuesday, August 13th",Security Firm Uses AI to Deploy Resources; CBP's Facial Recognition Plans; Amazon Scout's Second City,http://createsend.com/t/d-2EE1F12EA5669D802540EF23F30FEDED,Security Firm Uses AI to Deploy Resources,CBP's Facial Recognition Plans,Amazon Scout's Second City,2019-08-29
"Monday, August 12th",Retailers Go Cashierless With AI; Algo-Powered Elevators,http://createsend.com/t/d-5C7490AC501F6CB92540EF23F30FEDED,Retailers Go Cashierless With AI,Algo-Powered Elevators,,2019-08-29
"Friday, August 9th",Google Lures Corporate Customers with AI; Hartford Financial's Assault on Opioid Abuse; Mice to Help Build Better Algorithms,http://createsend.com/t/d-D6A978A012A87FA52540EF23F30FEDED,Google Lures Corporate Customers with AI,Hartford Financial's Assault on Opioid Abuse,Mice to Help Build Better Algorithms,2019-08-29
"Thursday, August 8th",Visa Unveils Next-Level Fraud Detection; SoftBank Floods the Zone; Going Easy on Analytics,http://createsend.com/t/d-8B8EF08E43FF9B4C2540EF23F30FEDED,Visa Unveils Next-Level Fraud Detection,SoftBank Floods the Zone,Going Easy on Analytics,2019-08-29
"Wednesday, August 7th",IBM's Hybrid Bet; HPE's AI-Driven MaprR Acquisition; Snap's $1 Billion Debt Raise,http://createsend.com/t/d-49147A082C2075DC2540EF23F30FEDED,IBM's Hybrid Bet,HPE's AI-Driven MaprR Acquisition,Snap's $1 Billion Debt Raise,2019-08-29
"Tuesday, August 6th",Tech Struggles With Mass Shootings; Fannie Mae's Data-Crunching Tool; Scale's $100 Million Round,http://createsend.com/t/d-C161D91F20D8E50A2540EF23F30FEDED,Tech Struggles With Mass Shootings,Fannie Mae's Data-Crunching Tool,Scale's $100 Million Round,2019-08-29
"Monday, August 5th",What Companies Should Know When Shopping for AI; Lie Detector Tech; Finding Customers' 'Breakpoint',http://createsend.com/t/d-97EAEB966C15D4362540EF23F30FEDED,What Companies Should Know When Shopping for AI,Lie Detector Tech,Finding Customers' 'Breakpoint',2019-08-29
"Friday, August 2nd",SurveyMonkey Turns to AI for Growth; Police Face the Pressure; AWS's New Toy Car,http://createsend.com/t/d-5F3CD22D6B9202772540EF23F30FEDED,SurveyMonkey Turns to AI for Growth,Police Face the Pressure,AWS's New Toy Car,2019-08-29
"Thursday, August 1st",People With Autism Are Hot AI Hires; Google Algo Aims to Predict Kidney Injury; Detecting Deepfakes,http://createsend.com/t/d-5A177EA6089FE2412540EF23F30FEDED,People With Autism Are Hot AI Hires,Google Algo Aims to Predict Kidney Injury,Detecting Deepfakes,2019-08-29
"Wednesday, July 31st",Nasdaq Deploys AI to Detect Market Abuse; Ford Bolsters Driverless Effort; Reading Emotions,http://createsend.com/t/d-6F442D0DB0C977EB2540EF23F30FEDED,Nasdaq Deploys AI to Detect Market Abuse,Ford Bolsters Driverless Effort,Reading Emotions,2019-08-29
"Tuesday, July 30th","Health Care, Sales Software Draw VC Funding; SoftBank Shakes Up Enterprise Tech; Fighting Deepfakes",http://createsend.com/t/d-A1BD7A3CB179A11F2540EF23F30FEDED,"Health Care, Sales Software Draw VC Funding",SoftBank Shakes Up Enterprise Tech,Fighting Deepfakes,2019-08-29
"Monday, July 29th",AI Fuels Demand for Data-Labeling Services; Twitter's Machine Learning; Worker Revolt May Be Near,http://createsend.com/t/d-D38F662D4FCCDFD12540EF23F30FEDED,AI Fuels Demand for Data-Labeling Services,Twitter's Machine Learning,Worker Revolt May Be Near,2019-08-29
"Friday, July 26th",Vendors With AI-Based Offerings Catch Investor Interest; Keys to Success; U.S. Still Seen in AI Lead,http://createsend.com/t/d-D99D6DD0D5A6AAE82540EF23F30FEDED,Vendors With AI-Based Offerings Catch Investor Interest,Keys to Success,U.S. Still Seen in AI Lead,2019-08-29
"Thursday, July 25th",Lawmakers Look to Ban Facial Recognition From Public Housing; Studying AI Impact; Driverless Delay,http://createsend.com/t/d-F3BA37BB9FA7BCB82540EF23F30FEDED,Lawmakers Look to Ban Facial Recognition From Public Housing,Studying AI Impact,Driverless Delay,2019-08-29
"Wednesday, July 24th",Recruiter Offers AI Training Program; Map Shows Facial Recognition Use; Europe Looking to Regulate AI,http://createsend.com/t/d-2A4BAB60B3EA59522540EF23F30FEDED,Recruiter Offers AI Training Program,Map Shows Facial Recognition Use,Europe Looking to Regulate AI,2019-08-29
"Tuesday, July 23rd",Microsoft Investment Seen Focusing Its AI Efforts; Conagra Taps Trends; Anthem Readies AI-Powered App,http://createsend.com/t/d-E0EA57628134ED322540EF23F30FEDED,Microsoft Investment Seen Focusing Its AI Efforts,Conagra Taps Trends,Anthem Readies AI-Powered App,2019-08-29
"Monday, July 22nd",AI to Advise NFL on What to Pay Players; How to Make Robots Cheaper; Creating Responsible AI,http://createsend.com/t/d-F9D5C6B0DDA786782540EF23F30FEDED,AI to Advise NFL on What to Pay Players,How to Make Robots Cheaper,Creating Responsible AI,2019-08-29
"Friday, July 19th",Experian Looks to Improve Identity Verification; Softbank Founder Tells Japan to 'Wake Up'; Auditing AI,http://createsend.com/t/d-5295486218075CEF2540EF23F30FEDED,Experian Looks to Improve Identity Verification,Softbank Founder Tells Japan to 'Wake Up',Auditing AI,2019-08-29
"Thursday, July 18th","AT&T, Microsoft In AI Pilot; Oakland Bans Facial Recognition; Boston Dynamics Ready to Set Robot Loose",http://createsend.com/t/d-C26185E3B34123782540EF23F30FEDED,"AT&T, Microsoft In AI Pilot",Oakland Bans Facial Recognition,Boston Dynamics Ready to Set Robot Loose,2019-08-29
"Wednesday, July 17th",AlphaSense Raises $50 Million; GGI to Service HHS; AI Development Could Speed Drug Discovery,http://createsend.com/t/d-547D40CCFE1422452540EF23F30FEDED,AlphaSense Raises $50 Million,GGI to Service HHS,AI Development Could Speed Drug Discovery,2019-08-29
"Tuesday, July 16th",VA's New AI Director Seen as Good Fit; Lowering Dental Bills; Unilever Uses AI to Cut Costs,http://createsend.com/t/d-F19F782D41E4F2FF2540EF23F30FEDED,VA's New AI Director Seen as Good Fit,Lowering Dental Bills,Unilever Uses AI to Cut Costs,2019-08-29
"Monday, July 15th",AI Runs Smart Steel Plant; Volkswagen Invests in ArgoAI; VA Appoints AI Director,http://createsend.com/t/d-B71C4ACDA9D3C3362540EF23F30FEDED,AI Runs Smart Steel Plant,Volkswagen Invests in ArgoAI,VA Appoints AI Director,2019-08-29
"Friday, July 12th",Managing Construction Project Risk; Contractors Listen to Virtual Assistant Recordings; AI That Bluffs,http://createsend.com/t/d-286DCEA3A7F5ED1B2540EF23F30FEDED,Managing Construction Project Risk,Contractors Listen to Virtual Assistant Recordings,AI That Bluffs,2019-08-29
"Thursday, July 11th",Startup Node Raises $16 Million; Glaxo Hires AI Executive; A Circuit-Board-Size Robot,http://createsend.com/t/d-2F44AA345CDEF12D2540EF23F30FEDED,Startup Node Raises $16 Million,Glaxo Hires AI Executive,A Circuit-Board-Size Robot,2019-08-29
"Wednesday, July 10th",Instagram to Deter Cyberbullying; AI Seen as Jobs Killer; China Faces Headwinds,http://createsend.com/t/d-3D5F0448CD6453882540EF23F30FEDED,Instagram to Deter Cyberbullying,AI Seen as Jobs Killer,China Faces Headwinds,2019-08-29
"Tuesday, July 9th",Wanted: Lawyers Who Understand AI; ICE Uses Facial Recognition on Driver's Photos; Failure Rates,http://createsend.com/t/d-53625F05CAA128452540EF23F30FEDED,Wanted: Lawyers Who Understand AI,ICE Uses Facial Recognition on Driver's Photos,Failure Rates,2019-08-29
"Monday, July 8th","At Zappos, Algorithms Teach Themselves; Recycling Centers Roll Out Robots; Finding AI Talent",http://createsend.com/t/d-9FEAF3F20936E73D2540EF23F30FEDED,"At Zappos, Algorithms Teach Themselves",Recycling Centers Roll Out Robots,Finding AI Talent,2019-08-29
"Wednesday, July 3rd",AI Helps Small Medical Device Makers Compete; Malls Use Facial Recognition; Europe's Brain Drain,http://createsend.com/t/d-693274633ADAB0722540EF23F30FEDED,AI Helps Small Medical Device Makers Compete,Malls Use Facial Recognition,Europe's Brain Drain,2019-08-29
"Tuesday, July 2nd",Managing Complex IT Operations With AI; Widening Gap With Social Sciences; Predicting Asset Prices,http://createsend.com/t/d-D5A4C1B0D732400B2540EF23F30FEDED,Managing Complex IT Operations With AI,Widening Gap With Social Sciences,Predicting Asset Prices,2019-08-29
"Monday, July 1st",Opposition to Police Use of Facial Recognition Grows; China's Data Business; AI Experts in Demand,http://createsend.com/t/d-F2AB7E7D64083A042540EF23F30FEDED,Opposition to Police Use of Facial Recognition Grows,China's Data Business,AI Experts in Demand,2019-08-29
"Friday, June 28th",Making an Internet of Smarter Things; Vodafone's Cost-Cutting AI Gambit; AI Creating Jobs,http://createsend.com/t/d-DE3BF7A8DB6C20E02540EF23F30FEDED,Making an Internet of Smarter Things,Vodafone's Cost-Cutting AI Gambit,AI Creating Jobs,2019-08-29
"Thursday, June 27th",AI Can't Scrub All Online Misinformation; CIOs See End of 'AI Gone Wild'; Apple Buys Drive.ai,http://createsend.com/t/d-3B73D92F73DB0AA92540EF23F30FEDED,AI Can't Scrub All Online Misinformation,CIOs See End of 'AI Gone Wild',Apple Buys Drive.ai,2019-08-29
"Wednesday, June 26th",AI Struggles to Detect Terrorist Propaganda; Tech Firms Set Benchmarks; Fighting Mental Illness,http://createsend.com/t/d-E80FB40C5C2CCAF62540EF23F30FEDED,AI Struggles to Detect Terrorist Propaganda,Tech Firms Set Benchmarks,Fighting Mental Illness,2019-08-29
"Tuesday, June 25th",Collaboration Tool Makers Turn to AI; Serious Fraud Office Director Talks Tech; Managers Might Be Next,http://createsend.com/t/d-006A529844B1A4122540EF23F30FEDED,Collaboration Tool Makers Turn to AI,Serious Fraud Office Director Talks Tech,Managers Might Be Next,2019-08-29
"Monday, June 24th",EU Set to Release AI Guidelines; White House Updates National Strategy; When AI Attacks,http://createsend.com/t/d-2723F9AD9B19C5FE2540EF23F30FEDED,EU Set to Release AI Guidelines,White House Updates National Strategy,When AI Attacks,2019-08-29
"Friday, June 21st",Architecture Firm Tests AI for Office-Space Design; McDonald's Robot Cook; Fighting Climate Change,http://createsend.com/t/d-DEB89C3E635DBE7E2540EF23F30FEDED,Architecture Firm Tests AI for Office-Space Design,McDonald's Robot Cook,Fighting Climate Change,2019-08-29
"Thursday, June 20th",High-Tech House Flippers; AI Research Shouldn't Be Open; Facial Recognition Used to Locate Victims,http://createsend.com/t/d-26162562868314952540EF23F30FEDED,High-Tech House Flippers,AI Research Shouldn't Be Open,Facial Recognition Used to Locate Victims,2019-08-29
"Wednesday, June 19th",California May Limit Police Use of Facial Recognition; AI Spending; Enhancing Supercomputers,http://createsend.com/t/d-54C4D27FB26412E82540EF23F30FEDED,California May Limit Police Use of Facial Recognition,AI Spending,Enhancing Supercomputers,2019-08-29
"Tuesday, June 18th",HSBC Teams Up With Element AI on Big Data; App Stores Seen Boosting Radiology AI; Robot Pizza Delivery,http://createsend.com/t/d-79A47F31A6197FBD2540EF23F30FEDED,HSBC Teams Up With Element AI on Big Data,App Stores Seen Boosting Radiology AI,Robot Pizza Delivery,2019-08-29
"Monday, June 17th",Investors Urge Startups to Heed Ethics Early; Preventing Job-Site Accidents; Amazon's Virtual Tests,http://createsend.com/t/d-6CB2CFD4B3E42BD92540EF23F30FEDED,Investors Urge Startups to Heed Ethics Early,Preventing Job-Site Accidents,Amazon's Virtual Tests,2019-08-29
"Friday, June 14th",Congress Calls For Tough 'Deepfake' Punishments; Protesters Combat Surveillance Tech; Fighting Fraud,http://createsend.com/t/d-ED6E40061D2FDF7C2540EF23F30FEDED,Congress Calls For Tough 'Deepfake' Punishments,Protesters Combat Surveillance Tech,Fighting Fraud,2019-08-29
"Thursday, June 13th",Congress Looks Into 'Deepfakes'; Why AI Needs to Forget; Adding Motion to Still Images,http://createsend.com/t/d-5AD5C2006F41AA852540EF23F30FEDED,Congress Looks Into 'Deepfakes',Why AI Needs to Forget,Adding Motion to Still Images,2019-08-29
"Wednesday, June 12th",Why Chatbots Need Humans; Matching Faces to Creditworthiness; Business Execs Cite AI Challenges,http://createsend.com/t/d-79390A1F01DA77672540EF23F30FEDED,Why Chatbots Need Humans,Matching Faces to Creditworthiness,Business Execs Cite AI Challenges,2019-08-29
"Tuesday, June 11th",Bill Aims to Limit AI Use in Video Interviews; Disinformation May Get Harder to Spot; Catching Cheaters,http://createsend.com/t/d-968DDD1176DF1FCE2540EF23F30FEDED,Bill Aims to Limit AI Use in Video Interviews,Disinformation May Get Harder to Spot,Catching Cheaters,2019-08-29
"Monday, June 10th",Making Online Job Searches Easier; Amazon Tests Delivery Robot; AI's Growing Carbon Footprint,http://createsend.com/t/d-55A75799475EFFC82540EF23F30FEDED,Making Online Job Searches Easier,Amazon Tests Delivery Robot,AI's Growing Carbon Footprint,2019-08-29
"Friday, June 7th",Customer-Service Algo Boosts Revenue; AI Pollution; Microsoft Pulls Facial-Image Database,http://createsend.com/t/d-228CE9E8E22BA4D62540EF23F30FEDED,Customer-Service Algo Boosts Revenue,AI Pollution,Microsoft Pulls Facial-Image Database,2019-08-29
"Thursday, June 6th",NHL Uses Chatbot to Interact With Fans; Image-Recognition Risk; Amazon Uses AI Across Its Business,http://createsend.com/t/d-588B2BD3B5B7DBD22540EF23F30FEDED,NHL Uses Chatbot to Interact With Fans,Image-Recognition Risk,Amazon Uses AI Across Its Business,2019-08-29
"Wednesday, June 5th",Truckers Embrace AI; Automation May Push Women From Workforce; How AI Remakes Leadership Roles,http://createsend.com/t/d-01D69E144C2200182540EF23F30FEDED,Truckers Embrace AI,Automation May Push Women From Workforce,How AI Remakes Leadership Roles,2019-08-29
"Tuesday, June 4th","Businesses Deploy AI-Powered Procurement; Small Firms, Big Benefits; Boards Face AI Decisions",http://createsend.com/t/d-D321D2B2D158C1442540EF23F30FEDED,Businesses Deploy AI-Powered Procurement,"Small Firms, Big Benefits",Boards Face AI Decisions,2019-08-29
"Monday, June 3rd","AI to Power MetLife's U.S. Call Centers; The Gig Workers Behind AI; CIA Tackles Bias, Ethics",http://createsend.com/t/d-B3F2A70B878710792540EF23F30FEDED,AI to Power MetLife's U.S. Call Centers,The Gig Workers Behind AI,"CIA Tackles Bias, Ethics",2019-08-29
"Friday, May 31st",Developing Human-Like Intelligent Machines; Experts Address Bias; Searching Abroad for Talent,http://createsend.com/t/d-11D7FC0BEA13C6D22540EF23F30FEDED,Developing Human-Like Intelligent Machines,Experts Address Bias,Searching Abroad for Talent,2019-08-29
"Thursday, May 30th",HSAs Get AI Upgrades; Customer Service Needs More Than Bots; High Cost of AI Gadgets,http://createsend.com/t/d-09DB5EF8CE0594472540EF23F30FEDED,HSAs Get AI Upgrades,Customer Service Needs More Than Bots,High Cost of AI Gadgets,2019-08-29
"Wednesday, May 29th",Canada Preps AI Standards; Using AI and Wearables to Improve Health Care; Robots Roaming Everywhere,http://createsend.com/t/d-4A588D110F7B4D602540EF23F30FEDED,Canada Preps AI Standards,Using AI and Wearables to Improve Health Care,Robots Roaming Everywhere,2019-08-29
"Tuesday, May 28th",Seeking Closer Human-Machine Collaboration; Helping Boards Deal With AI; Body Roaming Robots,http://createsend.com/t/d-C475C59E5309EC292540EF23F30FEDED,Seeking Closer Human-Machine Collaboration,Helping Boards Deal With AI,Body Roaming Robots,2019-08-29
"Friday, May 24th","A Business Case for AI, Quantum Computing; AI in Everyday Life; Driverless Cars Get a Human Touch",http://createsend.com/t/d-ACA16F60B8F8F71E2540EF23F30FEDED,"A Business Case for AI, Quantum Computing",AI in Everyday Life,Driverless Cars Get a Human Touch,2019-08-29
"Thursday, May 23rd",Businesses Defend Biometrics Use; OECD Members Approve AI Rules; Voice Assistants Fuel Stereotypes,http://createsend.com/t/d-D25EE181B6CF14342540EF23F30FEDED,Businesses Defend Biometrics Use,OECD Members Approve AI Rules,Voice Assistants Fuel Stereotypes,2019-08-29
"Wednesday, May 22nd","University to Offer Certificate in AI Ethics; Google, Informatica Team to Tame Data; Timbaland on AI",http://createsend.com/t/d-47BBD61097E63DB12540EF23F30FEDED,University to Offer Certificate in AI Ethics,"Google, Informatica Team to Tame Data",Timbaland on AI,2019-08-29
"Tuesday, May 21st",Predicting Medical Emergencies; Investors Pressure Amazon on Facial Recognition; U.S. to Back OECD,http://createsend.com/t/d-8041F1B92285DA192540EF23F30FEDED,Predicting Medical Emergencies,Investors Pressure Amazon on Facial Recognition,U.S. to Back OECD,2019-08-29
"Monday, May 20th",Corporations Integrate AI Acquisitions; Data-Mining the Job Interview; Facebook's Cleanup,http://createsend.com/t/d-80A8393E0ED9763F2540EF23F30FEDED,Corporations Integrate AI Acquisitions,Data-Mining the Job Interview,Facebook's Cleanup,2019-08-29
"Friday, May 17th",Understanding RoI; Tech Angles for European Influence; Disrupting Wine Tasting,http://createsend.com/t/d-600A539F477AFB922540EF23F30FEDED,Understanding RoI,Tech Angles for European Influence,Disrupting Wine Tasting,2019-08-29
"Thursday, May 16th",A Dual Approach to AI Ethics; CIOs Are Automating IT Operations; What to Make of the AI Bubble,http://createsend.com/t/d-A5CE846E8CFA7A4A2540EF23F30FEDED,A Dual Approach to AI Ethics,CIOs Are Automating IT Operations,What to Make of the AI Bubble,2019-08-29
"Wednesday, May 15th",S.F. Passes Facial-Recognition Ban; Capitalizing on AI's Opportunities; Protecting Data in AI Health Systems,http://createsend.com/t/d-4BDE76DC305BEB902540EF23F30FEDED,S.F. Passes Facial-Recognition Ban,Capitalizing on AI's Opportunities,Protecting Data in AI Health Systems,2019-08-29
"Tuesday, May 14th",Improving IT Operations With AI; Teaching AI to Kids; Using Machine Learning to Boost Sales,http://createsend.com/t/d-A817E226655F4F7A2540EF23F30FEDED,Improving IT Operations With AI,Teaching AI to Kids,Using Machine Learning to Boost Sales,2019-08-29
"Monday, May 13th",AI Helps Restaurants Pick Locations; Creating Whiskey With AI; Improving Neural Networks,http://createsend.com/t/d-966ADE39179D6B062540EF23F30FEDED,AI Helps Restaurants Pick Locations,Creating Whiskey With AI,Improving Neural Networks,2019-08-29
"Friday, May 10th",Push for AI Self-Sufficiency; Systems' Strategy for the Future; Neural Net Advance,http://createsend.com/t/d-7EAB3F0986D964CA2540EF23F30FEDED,Push for AI Self-Sufficiency,Systems' Strategy for the Future,Neural Net Advance,2019-08-29
"Thursday, May 9th",Absolut Mixes AI Into Its Supply Chain; Adversarial Examples Raise Concerns; 5 Notable AI Gadgets,http://createsend.com/t/d-B9496A33C6A1D6132540EF23F30FEDED,Absolut Mixes AI Into Its Supply Chain,Adversarial Examples Raise Concerns,5 Notable AI Gadgets,2019-08-29
"Wednesday, May 8th",AI Academics Are in Demand; Balancing Regulation and Innovation; Looking to Police Algorithms,http://createsend.com/t/d-9727DCA565C6E96F2540EF23F30FEDED,AI Academics Are in Demand,Balancing Regulation and Innovation,Looking to Police Algorithms,2019-08-29
"Tuesday, May 7th",Trucking Company Spins Off AI Consultancy; Suit Seen as Test of AI Liability; Google's Latest Push,http://createsend.com/t/d-229DE7069CD2AEEE2540EF23F30FEDED,Trucking Company Spins Off AI Consultancy,Suit Seen as Test of AI Liability,Google's Latest Push,2019-08-29
"Monday, May 6th",Hospitals' Command Centers Get an Upgrade; Using Emotion AI; Robots Harvest Produce,http://createsend.com/t/d-37D17C9B3139CA722540EF23F30FEDED,Hospitals' Command Centers Get an Upgrade,Using Emotion AI,Robots Harvest Produce,2019-08-29
"Friday, May 3rd",How to Pick an AI Consultant; New Chip Could Spur AI; the Business Benefit of Pervasive Intelligence,http://createsend.com/t/d-1B64EF123CFEC0E82540EF23F30FEDED,How to Pick an AI Consultant,New Chip Could Spur AI,the Business Benefit of Pervasive Intelligence,2019-08-29
"Thursday, May 2nd",FDA Looks to Use AI to Inspect Food; Pharma CEO Skeptical AI Can Keep Up; Tracking Prisoners,http://createsend.com/t/d-1FC2B810FB0538312540EF23F30FEDED,FDA Looks to Use AI to Inspect Food,Pharma CEO Skeptical AI Can Keep Up,Tracking Prisoners,2019-08-29
"Wednesday, May 1st",New AI Surveillance Systems; Wearables Seen Boosting Human IQ; Animal-Recognition Tech Challenges,http://createsend.com/t/d-F5F5C6693DA6B5712540EF23F30FEDED,New AI Surveillance Systems,Wearables Seen Boosting Human IQ,Animal-Recognition Tech Challenges,2019-08-29
"Tuesday, April 30th",Rail Operators See AI Benefits; Big Tech Wrestles With Ethics; Why Businesses Need an AI Council,http://createsend.com/t/d-A10A89C0AF58A7042540EF23F30FEDED,Rail Operators See AI Benefits,Big Tech Wrestles With Ethics,Why Businesses Need an AI Council,2019-08-29
"Monday, April 29th",Data Tools Help Deploy AI; High-Tech Stethoscopes; Firms Object to AI Decisions on Incarceration,http://createsend.com/t/d-42BD5252D10FF09D2540EF23F30FEDED,Data Tools Help Deploy AI,High-Tech Stethoscopes,Firms Object to AI Decisions on Incarceration,2019-08-29
"Friday, April 26th",Finns Add Voice to Ethics Debate; Walmart Uses AI to Monitor Store; Questions Arise Over AI Hiring Tools,http://createsend.com/t/d-4E296F56B9D9ACFA2540EF23F30FEDED,Finns Add Voice to Ethics Debate,Walmart Uses AI to Monitor Store,Questions Arise Over AI Hiring Tools,2019-08-29
"Thursday, April 25th",AI Adoption Surges; RPA Demand Rises; Scientists Turn Brain Signals into Speech,http://createsend.com/t/d-65ECB61EBA021E052540EF23F30FEDED,AI Adoption Surges,RPA Demand Rises,Scientists Turn Brain Signals into Speech,2019-08-29
"Wednesday, April 24th","Using AI to Maintain Roads, Bridges; Microsoft's 'Machine Teaching'; Ethics as a Global Issue",http://createsend.com/t/d-41CFD0D2DD6C2D6B2540EF23F30FEDED,"Using AI to Maintain Roads, Bridges",Microsoft's 'Machine Teaching',Ethics as a Global Issue,2019-08-29
"Tuesday, April 23rd",How Developers Define Fairness; Oversight of Death-Predicting AI; Caregiving Bots,http://createsend.com/t/d-6629D8543F5E6C6E2540EF23F30FEDED,How Developers Define Fairness,Oversight of Death-Predicting AI,Caregiving Bots,2019-08-29
"Monday, April 22nd",Law Schools Add AI Courses; Making Knowledge Workers Better; Using AI to Make Work Sites Safer,http://createsend.com/t/d-13AAFE39FB583CCB2540EF23F30FEDED,Law Schools Add AI Courses,Making Knowledge Workers Better,Using AI to Make Work Sites Safer,2019-08-29
"Thursday, April 18th",Deploying Antibias Tools; AI Boosts Software Spending; Robot Helped Fight Notre Dame Fire,http://createsend.com/t/d-BCAE4EECE8415AE42540EF23F30FEDED,Deploying Antibias Tools,AI Boosts Software Spending,Robot Helped Fight Notre Dame Fire,2019-08-29
"Wednesday, April 17th",Making Ethics a Priority; Helping Students Make College Choices; Using AI to Save the Planet,http://createsend.com/t/d-3F4BABE143159AD12540EF23F30FEDED,Making Ethics a Priority,Helping Students Make College Choices,Using AI to Save the Planet,2019-08-29
"Tuesday, April 16th",Why Business Is Recruiting Nontech Talent; Helping Managers Manage; FDA Creating a Way to Review Algos,http://createsend.com/t/d-B5676B69AE2BB58E2540EF23F30FEDED,Why Business Is Recruiting Nontech Talent,Helping Managers Manage,FDA Creating a Way to Review Algos,2019-08-29
"Monday, April 15th",Uber Details AI Use; Privacy Debate Over Retail Tech; Robots Mimic Evolution,http://createsend.com/t/d-E88B8FBD5B340BE12540EF23F30FEDED,Uber Details AI Use,Privacy Debate Over Retail Tech,Robots Mimic Evolution,2019-08-29
"Friday, April 12th",Golfers Tee Off With AI; Robotic Process Automation Lessons Learned; Humanizing Robots,http://createsend.com/t/d-359CD17F779CE5A72540EF23F30FEDED,Golfers Tee Off With AI,Robotic Process Automation Lessons Learned,Humanizing Robots,2019-08-29
"Thursday, April 11th",Businesses Tap AI in the Cloud; Interpreting Alien Patterns; Congress Looks to Open the 'Black Box',http://createsend.com/t/d-BD6AD928EDB095FD2540EF23F30FEDED,Businesses Tap AI in the Cloud,Interpreting Alien Patterns,Congress Looks to Open the 'Black Box',2019-08-29
"Wednesday, April 10th",Car Companies Curb AI Efforts; Algos Interpret Language for Toxicity; Laundry-Folding Bot,http://createsend.com/t/d-759EADE470B3D8222540EF23F30FEDED,Car Companies Curb AI Efforts,Algos Interpret Language for Toxicity,Laundry-Folding Bot,2019-08-29
"Tuesday, April 9th",Policy Moves Signal End of Self-Regulation; A New Approach to AI; Experts Examine Ethics Moves,http://createsend.com/t/d-7FA68DDBB5871DF42540EF23F30FEDED,Policy Moves Signal End of Self-Regulation,A New Approach to AI,Experts Examine Ethics Moves,2019-08-29
"Monday, April 8th",Takeaways From Google's Decision to Abandon Its AI Ethics Board,http://createsend.com/t/d-33AD1AB541F0B9CF2540EF23F30FEDED,Takeaways From Google's Decision to Abandon Its AI Ethics Board,,,2019-08-29
"Friday, April 5th",The Debate: AI as Job Creator or Killer; What Companies Spend on Automation; Expert's AI Concerns,http://createsend.com/t/d-321B3D8192669AB02540EF23F30FEDED,The Debate: AI as Job Creator or Killer,What Companies Spend on Automation,Expert's AI Concerns,2019-08-29
"Thursday, April 4th",Predicting When Workers Will Quit; Helping Taxis Find Riders; Seeking a Halt to Rekognition Sales,http://createsend.com/t/d-608979DCA1B2E0512540EF23F30FEDED,Predicting When Workers Will Quit,Helping Taxis Find Riders,Seeking a Halt to Rekognition Sales,2019-08-29
"Wednesday, April 3rd",Using AI to Fix Business Issues; JPMorgan Improves Client Services; Changing Job Hierarchies,http://createsend.com/t/d-9C097CF2C87402E52540EF23F30FEDED,Using AI to Fix Business Issues,JPMorgan Improves Client Services,Changing Job Hierarchies,2019-08-29
"Tuesday, April 2nd",What AI Can Tell From Your Voice; Algos That Could Collude on Prices; Grocery Robots Get Smaller,http://createsend.com/t/d-8A8F2943D8609CE32540EF23F30FEDED,What AI Can Tell From Your Voice,Algos That Could Collude on Prices,Grocery Robots Get Smaller,2019-08-29
"Monday, April 1st",Health Agency Launches AI Challenge; New Rite of Spring; Cruising Through Security,http://createsend.com/t/d-966FFE7CC9E33FD92540EF23F30FEDED,Health Agency Launches AI Challenge,New Rite of Spring,Cruising Through Security,2019-08-29
"Friday, March 29th",HUD Charges Against Facebook Raise Algo Questions; Proactive Use of AI Urged; Apple-Picking Robots,http://createsend.com/t/d-B12DE2247D41D8612540EF23F30FEDED,HUD Charges Against Facebook Raise Algo Questions,Proactive Use of AI Urged,Apple-Picking Robots,2019-08-29
"Thursday, March 28th",Realtor Turns to AI for Better Leads; Google's New Robot Push; Taking the AI Plunge,http://createsend.com/t/d-723D32C4C8C196D22540EF23F30FEDED,Realtor Turns to AI for Better Leads,Google's New Robot Push,Taking the AI Plunge,2019-08-29
"Wednesday, March 27th","Stanford, Anthem Address Bias Issues; the Adversarial AI Problem; Google Creates Ethics Council",http://createsend.com/t/d-F252FAF80C037DF42540EF23F30FEDED,"Stanford, Anthem Address Bias Issues",the Adversarial AI Problem,Google Creates Ethics Council,2019-08-29
"Tuesday, March 26th",CFOs Look to AI to Drive Change; Tech Leaders Aim to Avoid Mistakes of the Past; Addressing Bias,http://createsend.com/t/d-AEE8D827E66EA7ED2540EF23F30FEDED,CFOs Look to AI to Drive Change,Tech Leaders Aim to Avoid Mistakes of the Past,Addressing Bias,2019-08-29
"Monday, March 25th",Automating Project Management; Fire Forecasting; Money Laundering Detection,http://createsend.com/t/d-E8BF612FD4624CB62540EF23F30FEDED,Automating Project Management,Fire Forecasting,Money Laundering Detection,2019-08-29
"Friday, March 22nd",AI to Improve Communication; Walmart Builds a Secret Weapon; On-Device AI's Importance,http://createsend.com/t/d-64D14444538207B02540EF23F30FEDED,AI to Improve Communication,Walmart Builds a Secret Weapon,On-Device AI's Importance,2019-08-29
"Thursday, March 21st",Cosmetics Industry Eyes AI; Limits of Cybersecurity Tools; Particle Robotics,http://createsend.com/t/d-3A7981C026E6862C2540EF23F30FEDED,Cosmetics Industry Eyes AI,Limits of Cybersecurity Tools,Particle Robotics,2019-08-29
"Wednesday, March 20th",U.S. Positioned to Lead on Ethics and Privacy; Bill Gates on AI; Eerie Robots,http://createsend.com/t/d-AADD87ABB81202702540EF23F30FEDED,U.S. Positioned to Lead on Ethics and Privacy,Bill Gates on AI,Eerie Robots,2019-08-29
"Tuesday, March 19th",AI Engineers Hold the Best Jobs; Stanford's Benevolent Machine Push; MIT to Teach Responsible AI,http://createsend.com/t/d-E3AF4DB6ADB01D072540EF23F30FEDED,AI Engineers Hold the Best Jobs,Stanford's Benevolent Machine Push,MIT to Teach Responsible AI,2019-08-29
"Monday, March 18th",Christchurch Massacre Tests Social Platforms; Mortgaging the Future; Polarr Raises $11.5 Million,http://createsend.com/t/d-FCB885C1468D1C342540EF23F30FEDED,Christchurch Massacre Tests Social Platforms,Mortgaging the Future,Polarr Raises $11.5 Million,2019-08-29
"Friday, March 15th",Disrupting Human Resources; Pay-By-Face Train Fares in China;  Getting Ready for Quantum AI,http://createsend.com/t/d-68E1B69E4713C2612540EF23F30FEDED,Disrupting Human Resources,Pay-By-Face Train Fares in China, Getting Ready for Quantum AI,2019-08-29
"Thursday, March 14th",AI Spending to Double by 2022; SoftBank May Lead Investment in Uber Self-Driving Car Effort; China's Research Push,http://createsend.com/t/d-37AC3C321823439D2540EF23F30FEDED,AI Spending to Double by 2022,SoftBank May Lead Investment in Uber Self-Driving Car Effort,China's Research Push,2019-08-29
"Wednesday, March 13th",Casino in the Desert Saves Water With Smart Meter; Anxiety Over Huawei's  Undersea Cables; Google's New Comment Filter,http://createsend.com/t/d-1662E40FE042AED92540EF23F30FEDED,Casino in the Desert Saves Water With Smart Meter,Anxiety Over Huawei's  Undersea Cables,Google's New Comment Filter,2019-08-29
"Tuesday, March 12th",Trucking Enters Era of AI; Manufacturing-Sector Investment Ramps Up; Nvidia's Big Deal,http://createsend.com/t/d-37FA888204C1F1642540EF23F30FEDED,Trucking Enters Era of AI,Manufacturing-Sector Investment Ramps Up,Nvidia's Big Deal,2019-08-29
"Monday, March 11th",Bank Customers Get Digital Assistant; Sen. Warren Seeks Tech Breakup; Darpa Looks Ahead,http://createsend.com/t/d-5008183EE69034262540EF23F30FEDED,Bank Customers Get Digital Assistant,Sen. Warren Seeks Tech Breakup,Darpa Looks Ahead,2019-08-29
"Friday, March 8th",Goldman Launches AI-Driven Funds; Mining Twitter for Threat Intelligence; Alexa Scientist on Programming,http://createsend.com/t/d-91371A3B9C67D28A2540EF23F30FEDED,Goldman Launches AI-Driven Funds,Mining Twitter for Threat Intelligence,Alexa Scientist on Programming,2019-08-29
"Thursday, March 7th","Avoiding Athletic Injuries; The New, Private Facebook; Google Tightens Machine-Learning Data Security",http://createsend.com/t/d-137AB5D233E983B42540EF23F30FEDED,Avoiding Athletic Injuries,"The New, Private Facebook",Google Tightens Machine-Learning Data Security,2019-08-29
"Wednesday, March 6th",Property Insurers on Path to Automation; Apple and Future of Home Security; Comcast to Buy BluVector,http://createsend.com/t/d-E6C91BED12E860D52540EF23F30FEDED,Property Insurers on Path to Automation,Apple and Future of Home Security,Comcast to Buy BluVector,2019-08-29
"Tuesday, March 5th","Safelite Integrates AI, Robotic Process Automation; Assessing Loan Applicants; Improving Health Care",http://createsend.com/t/d-69D3E347E03D85602540EF23F30FEDED,"Safelite Integrates AI, Robotic Process Automation",Assessing Loan Applicants,Improving Health Care,2019-08-29
"Monday, March 4th",Acceptance of AI Improves; A New Neural Net; Giving Robots a Hand,http://createsend.com/t/d-C42C21E587EAD0992540EF23F30FEDED,Acceptance of AI Improves,A New Neural Net,Giving Robots a Hand,2019-08-29
"Friday, March 1st",The Need for AI Ethicists; Making Supermarkets Smarter; Fact-Checking Chatbot,http://createsend.com/t/d-755D88DFF285B9962540EF23F30FEDED,The Need for AI Ethicists,Making Supermarkets Smarter,Fact-Checking Chatbot,2019-08-29
"Thursday, February 28th",Health Providers Develop AI Pathology Tools; AI Adoption Ramps Up; Robot Tanks,http://createsend.com/t/d-CB60BD202A582E9F2540EF23F30FEDED,Health Providers Develop AI Pathology Tools,AI Adoption Ramps Up,Robot Tanks,2019-08-29
"Wednesday, February 27th",Safeway Expands AI Health Clinics; Walmart Buys AI Startup; Google Makes Wind More Valuable,http://createsend.com/t/d-F7543AEA82C99F6D2540EF23F30FEDED,Safeway Expands AI Health Clinics,Walmart Buys AI Startup,Google Makes Wind More Valuable,2019-08-29
"Tuesday, February 26th",AI Tool Detects Expense Account Fraud; Foot Locker Tackles Data Challenge; A Robot for the Lonely,http://createsend.com/t/d-D97081330A5D207A2540EF23F30FEDED,AI Tool Detects Expense Account Fraud,Foot Locker Tackles Data Challenge,A Robot for the Lonely,2019-08-29
"Monday, February 25th",Cosmetics Retailer Looks for an Edge; OpenAI Debate Heats Up; Amazon's Autonomous Vehicle Push,http://createsend.com/t/d-BB039B06392DA5272540EF23F30FEDED,Cosmetics Retailer Looks for an Edge,OpenAI Debate Heats Up,Amazon's Autonomous Vehicle Push,2019-08-29
"Friday, February 22nd",Adoption Barriers; Regulating Medical Device Algos; Jeans Maker Names AI Chief,http://createsend.com/t/d-6A831CA5FD39DFE02540EF23F30FEDED,Adoption Barriers,Regulating Medical Device Algos,Jeans Maker Names AI Chief,2019-08-29
"Thursday, February 21st",AI Powers Airline Passenger Compensation; Manufacturing Investment Ramps Up; Rescuing Satellites From Oblivion,http://createsend.com/t/d-444BDC35D82B65042540EF23F30FEDED,AI Powers Airline Passenger Compensation,Manufacturing Investment Ramps Up,Rescuing Satellites From Oblivion,2019-08-29
"Wednesday, February 20th",AI Ed for Executives; Side Effects; Deep Learning Could Change How We Invent,http://createsend.com/t/d-FA66E99EAF9571BE2540EF23F30FEDED,AI Ed for Executives,Side Effects,Deep Learning Could Change How We Invent,2019-08-29
"Tuesday, February 19th",Paige.AI Hires CEO to Lead Cancer-Diagnosis Effort; U.K. Lawmakers Target Facebook,http://createsend.com/t/d-A454190634F62C612540EF23F30FEDED,Paige.AI Hires CEO to Lead Cancer-Diagnosis Effort,U.K. Lawmakers Target Facebook,,2019-08-29
"Friday, February 15th",In Search of Elusive ROI; Autonomous Vehicles Get a Little Better; Mixed Results in Cyber,http://createsend.com/t/d-93802E2820E0037C2540EF23F30FEDED,In Search of Elusive ROI,Autonomous Vehicles Get a Little Better,Mixed Results in Cyber,2019-08-29
"Thursday, February 14th","Facial-Recognition Startups Among Best Funded; Tyson Plans Ahead With AI; Pope, Microsoft Talk Ethics",http://createsend.com/t/d-10EF07FBD3CD9DAF2540EF23F30FEDED,Facial-Recognition Startups Among Best Funded,Tyson Plans Ahead With AI,"Pope, Microsoft Talk Ethics",2019-08-29
"Wednesday, February 13th",Hackers Manipulate Machine Learning Data; the Pentagon's Fire-Fighting Algorithm; Waiting for the Productivity Boom,http://createsend.com/t/d-24F057A8365A95DB2540EF23F30FEDED,Hackers Manipulate Machine Learning Data,the Pentagon's Fire-Fighting Algorithm,Waiting for the Productivity Boom,2019-08-29
"Tuesday, February 12th",Trump's Statement of Intent on AI; Softbank Invests in Robotic Delivery Startup Nuro; Labor Market Anxiety,http://createsend.com/t/d-2E8F4E451B35E4942540EF23F30FEDED,Trump's Statement of Intent on AI,Softbank Invests in Robotic Delivery Startup Nuro,Labor Market Anxiety,2019-08-29
"Monday, February 11th",Lashing Back at the Backlash; China's Military Industrial Complex; Carbonite Buys Webroot,http://createsend.com/t/d-69A39737503E32FA2540EF23F30FEDED,Lashing Back at the Backlash,China's Military Industrial Complex,Carbonite Buys Webroot,2019-08-29
"Friday, February 8th",Centralizing Resources; Intel Aims to Make AI More Human; IBM Invests $2 Billion in New Center,http://createsend.com/t/d-4CB5345AD8E27D7C2540EF23F30FEDED,Centralizing Resources,Intel Aims to Make AI More Human,IBM Invests $2 Billion in New Center,2019-08-29
"Thursday, February 7th",Instant Data Analysis for Business; State of Union Targets AI Development; PE Firms Turn to AI,http://createsend.com/t/d-99373DBF311BB3252540EF23F30FEDED,Instant Data Analysis for Business,State of Union Targets AI Development,PE Firms Turn to AI,2019-08-29
"Wednesday, February 6th",Met Engages With AI; Super Bowl Ads Go Long on Tech Phobia; AI at Super Speed,http://createsend.com/t/d-B7F1EC9B47E8FB172540EF23F30FEDED,Met Engages With AI,Super Bowl Ads Go Long on Tech Phobia,AI at Super Speed,2019-08-29
"Tuesday, February 5th",Andrew Ng's Tips for AI Execution; Google Seeks Input; Where Bias Comes From,http://createsend.com/t/d-C16BFE72B58CFB152540EF23F30FEDED,Andrew Ng's Tips for AI Execution,Google Seeks Input,Where Bias Comes From,2019-08-29
"Monday, February 4th",A Continental Twist; China's AI Farms; IBM Makes a New Case for Watson,http://createsend.com/t/d-41DCDAC05563B9762540EF23F30FEDED,A Continental Twist,China's AI Farms,IBM Makes a New Case for Watson,2019-08-29
"Friday, February 1st",CareerBuilder Employs AI; White-Collar Robots; When It's OK for AI Systems to Lie,http://createsend.com/t/d-4006D91630232A402540EF23F30FEDED,CareerBuilder Employs AI,White-Collar Robots,When It's OK for AI Systems to Lie,2019-08-29
"Thursday, January 31st",How the U.S. Can Compete in AI; Forecasting Floods; Sowing the Seeds of Change in Lawn Care,http://createsend.com/t/d-A282616CD66A1FA02540EF23F30FEDED,How the U.S. Can Compete in AI,Forecasting Floods,Sowing the Seeds of Change in Lawn Care,2019-08-29
"Wednesday, January 30th",Salesforce AI Ethicist Shares Tips; IBM Recognizes Bias in Facial Recognition; Academic Brain Drain,http://createsend.com/t/d-0DEC9ECBE7BD6BE72540EF23F30FEDED,Salesforce AI Ethicist Shares Tips,IBM Recognizes Bias in Facial Recognition,Academic Brain Drain,2019-08-29
"Tuesday, January 29th",Meet the Chief AI Officer; Google's Diagnostic Dilemma; AI Drives Business Model Change,http://createsend.com/t/d-98A21A0AE40A38A82540EF23F30FEDED,Meet the Chief AI Officer,Google's Diagnostic Dilemma,AI Drives Business Model Change,2019-08-29
"Monday, January 28th",AI Strengthens Cyber Defense; Amazon's Facial Recognition Faces Questions; On the Soccer Pitch,http://createsend.com/t/d-3D3901B6A2C387622540EF23F30FEDED,AI Strengthens Cyber Defense,Amazon's Facial Recognition Faces Questions,On the Soccer Pitch,2019-08-29
"Friday, January 25th",Google Seeds Cloud With AI; Davos Dissects AI; Law Firms Get Productive,http://createsend.com/t/d-683D7D6104D538D42540EF23F30FEDED,Google Seeds Cloud With AI,Davos Dissects AI,Law Firms Get Productive,2019-08-29
"Thursday, January 24th",AI Paychecks Rise; China Giants Fund Startups; Health and Human Services Boosts Investment,http://createsend.com/t/d-EBF606F5AAA3AFAA2540EF23F30FEDED,AI Paychecks Rise,China Giants Fund Startups,Health and Human Services Boosts Investment,2019-08-29
"Wednesday, January 23rd","AB InBev Makes Sound AI Investment; Eliminating Bias; Death, the Final Prediction",http://createsend.com/t/d-190EF0BA147C00EF2540EF23F30FEDED,AB InBev Makes Sound AI Investment,Eliminating Bias,"Death, the Final Prediction",2019-08-29
"Tuesday, January 22nd",Algorithms for Accountants; AI Meets Next-Gen Wireless; The 'Ethical' Monster,http://createsend.com/t/d-0088CD121D6B09E92540EF23F30FEDED,Algorithms for Accountants,AI Meets Next-Gen Wireless,The 'Ethical' Monster,2019-08-29
"Friday, January 18th",Marketers Buy Into AI; Driverless Cars Tap the Brakes; New Arms Race,http://createsend.com/t/d-7FCF99F8B4638E8B2540EF23F30FEDED,Marketers Buy Into AI,Driverless Cars Tap the Brakes,New Arms Race,2019-08-29
"Thursday, January 17th",Retailers Invest in AI; Robot Ships Make Waves; GE Adopts 'Humble AI',http://createsend.com/t/d-9D894661119CA9AD2540EF23F30FEDED,Retailers Invest in AI,Robot Ships Make Waves,GE Adopts 'Humble AI',2019-08-29
"Wednesday, January 16th",AI Transforms Auto Makers; Learning More With Less Data; Combating Bias,http://createsend.com/t/d-C76FFC4D1B068C022540EF23F30FEDED,AI Transforms Auto Makers,Learning More With Less Data,Combating Bias,2019-08-29
"Tuesday, January 15th",Stitch Fix Augments Human Touch; Coming Wave of Hyper-Personalization,http://createsend.com/t/d-104A484802F62B232540EF23F30FEDED,Stitch Fix Augments Human Touch,Coming Wave of Hyper-Personalization,,2019-08-29
"Monday, January 14th",Banks Worry AI Is Too Good; Changing Stripes Can Fool AI,http://createsend.com/t/d-92BA5256F2DF39D82540EF23F30FEDED,Banks Worry AI Is Too Good,Changing Stripes Can Fool AI,,2019-08-29
"Friday, January 11th",Manufacturers Change Course; Fix for Fake News; The Legal Angle,http://createsend.com/t/d-CB7B7296A8CC3A422540EF23F30FEDED,Manufacturers Change Course,Fix for Fake News,The Legal Angle,2019-08-29
"Thursday, January 10th",IBM CEO Speaks; Company Risk Factors; Symantec 'In-Sources' Data,http://createsend.com/t/d-82684E8CDC8A11A02540EF23F30FEDED,IBM CEO Speaks,Company Risk Factors,Symantec 'In-Sources' Data,2019-08-29
